INSERT INTO PERMISSIONDEFINITION(PERMID, PERMNAME, ACCESS) VALUES (1,'TestPermission', 'R');
Insert into PERMISSIONDEFINITION (PERMID,PERMNAME,ACCESS) values (2,'Level1','R');
Insert into PERMISSIONDEFINITION (PERMID,PERMNAME,ACCESS) values (3,'Level2','R');
Insert into PERMISSIONDEFINITION (PERMID,PERMNAME,ACCESS) values (4,'Level3','R');
Insert into PERMISSIONDEFINITION (PERMID,PERMNAME,ACCESS) values (5,'Level4','R');
Insert into PERMISSIONDEFINITION (PERMID,PERMNAME,ACCESS) values (5,'LevelAll','R');

INSERT INTO GROUPPERMISSIONS(GROUPID, GROUPNAME) VALUES(1, 'TestGroup');
Insert into GROUPPERMISSIONS (GROUPID,GROUPNAME) values (2,'GroupA');
Insert into GROUPPERMISSIONS (GROUPID,GROUPNAME) values (3,'GroupB');

INSERT INTO GROUPS(GROUPID, PERMID) VALUES(1, 1);
INSERT INTO GROUPS(GROUPID, PERMID) VALUES(1, 2);
INSERT INTO GROUPS(GROUPID, PERMID) VALUES(1, 3);
INSERT INTO GROUPS(GROUPID, PERMID) VALUES(1, 4);
INSERT INTO GROUPS(GROUPID, PERMID) VALUES(1, 5);
INSERT INTO GROUPS(GROUPID, PERMID) VALUES(2, 2);
INSERT INTO GROUPS(GROUPID, PERMID) VALUES(2, 4);
INSERT INTO GROUPS(GROUPID, PERMID) VALUES(3, 3);
INSERT INTO GROUPS(GROUPID, PERMID) VALUES(3, 5);

INSERT INTO DOCUMENTDEFINITION(DESCRIPTION, DOCUMENTNAME, PERMID)
VALUES('This is a test document', 'TEST', 1);

INSERT INTO USERS(USERNAME, PASSCODE, GROUPID)
VALUES('ADMIN', 'b109f3bbbc244eb82441917ed06d618b9008dd09b3befd1b5e07394c706a8bb980b1d7785e5976ec049b46df5f1326af5a2ea6d103fd07c95385ffab0cacbc86', 1);

INSERT INTO USERS(USERNAME, PASSCODE, GROUPID)
VALUES('UserA', 'b109f3bbbc244eb82441917ed06d618b9008dd09b3befd1b5e07394c706a8bb980b1d7785e5976ec049b46df5f1326af5a2ea6d103fd07c95385ffab0cacbc86', 2);

INSERT INTO USERS(USERNAME, PASSCODE, GROUPID)
VALUES('UserB', 'b109f3bbbc244eb82441917ed06d618b9008dd09b3befd1b5e07394c706a8bb980b1d7785e5976ec049b46df5f1326af5a2ea6d103fd07c95385ffab0cacbc86', 3);
